input_text,title,incident_type,date_time,location,cause,issue,resolution
"On March 15th at approximately 2:30 PM, a worker slipped and fell while carrying heavy equipment in the warehouse. The floor was wet due to a recent spill that was not cleaned promptly. The employee sustained a minor ankle injury and was taken to the onsite medical room for treatment. The area was immediately cordoned off to prevent further accidents. Management has since arranged for additional floor safety signs and a review of cleaning protocols to ensure timely spill management.",Worker Injury Due to Slippery Warehouse Floor,injury,"March 15th, 14:30",warehouse,Wet floor from an uncleaned spill caused the worker to slip.,Employee sustained a minor ankle injury due to the fall.,Area cordoned off and safety signs plus cleaning protocols were reviewed.
"During routine operations on April 10th, the primary conveyor belt in the assembly line malfunctioned and stopped working abruptly. Investigation revealed that a worn-out motor part caused the breakdown. This resulted in a two-hour production delay until the faulty component was replaced. Maintenance teams have since scheduled more frequent inspections to avoid similar failures in the future and ensure uninterrupted workflow.",Conveyor Belt Breakdown Halts Production,equipment damage,"April 10th, unknown time",assembly line,Worn-out motor part caused the conveyor belt to malfunction.,Two-hour production delay due to equipment breakdown.,Faulty component replaced and inspection frequency increased.
"On May 5th, an unauthorized individual was detected attempting to access the restricted server room after hours. Security personnel were alerted by motion sensors and confronted the intruder, who fled the premises. No data breach was confirmed, but the incident raised concerns about physical security protocols. An immediate review of access controls and additional staff training on security measures have been initiated to prevent future attempts.",Unauthorized Access Attempt in Server Room,security breach,"May 5th, after hours",server room,Unauthorized individual attempted to access restricted area.,Potential security breach risk due to unauthorized entry attempt.,Access controls reviewed and staff provided additional security training.
"Employees reported a persistent strong chemical odor in the packaging area on June 20th morning. The source was traced to a damaged seal on a storage container holding cleaning solvents. Although no spill occurred, the odor created discomfort and a potential respiratory hazard. The container was immediately replaced, and air quality assessments were conducted. Management has implemented stricter container inspections and improved ventilation protocols to address this safety concern.",Chemical Odor Detected from Damaged Container Seal,safety concern,June 20th morning,packaging area,Damaged seal on storage container released chemical odor.,Strong odor caused discomfort and potential respiratory hazard.,Container replaced and air quality assessments done; inspections intensified.
"A delivery truck accidentally backed into a loading dock gate on July 8th around noon, causing significant structural damage to the gate. The driver reported unclear visibility due to sun glare as the primary cause. The damaged gate prevented normal loading operations for several hours. Repairs were scheduled promptly, and additional sunshade installations near the dock area have been planned to improve driver visibility and prevent similar incidents.",Delivery Truck Damages Loading Dock Gate,equipment damage,"July 8th, noon",loading dock,Driver's visibility was impaired by sun glare causing collision.,"Loading dock gate was damaged, disrupting operations for hours.",Gate repairs scheduled and sunshades planned to enhance visibility.
"On March 15th, 2024 at approximately 10:30 AM, a worker slipped and fell while carrying materials in the storage warehouse. The floor was wet due to a recent cleaning, but no warning signs were placed. The employee sustained a minor ankle sprain and was immediately taken to the onsite medical room. The area was cordoned off and wet floor signs were installed promptly. An investigation was initiated to review cleaning procedures and improve safety measures to prevent future slips and falls.",Worker Slips on Wet Floor Causing Ankle Injury,injury,2024-03-15T10:30:00,storage warehouse,Wet floor due to recent cleaning without warning signs.,Employee sustained a minor ankle sprain from slipping.,"Area cordoned off, wet floor signs installed, and cleaning procedures reviewed."
"During the night shift on April 2nd, 2024, an unauthorized individual gained access to the main server room by tailgating an employee. The breach was detected when unusual network activity was noticed early the next morning. No data appears to have been compromised, but the incident raised concerns about building security protocols. The security team has since increased surveillance and implemented stricter access controls, including multi-factor authentication and employee training on tailgating risks.",Unauthorized Access to Server Room Detected,security breach,2024-04-02T23:00:00,main server room,Unauthorized individual accessed the area by tailgating an employee.,Potential data security risk due to unauthorized access.,"Surveillance increased, access controls tightened, and employee training conducted."
"On May 10th, 2024, the primary conveyor belt in the manufacturing unit malfunctioned, causing a halt in production for two hours. The equipment stopped due to a motor overheating caused by insufficient lubrication. Maintenance was immediately called, and the motor was serviced and replaced where necessary. Production resumed after the repair, and a new preventive maintenance schedule was implemented to ensure regular lubrication checks and avoid future breakdowns.",Conveyor Belt Motor Overheating Halts Production,equipment damage,2024-05-10T14:00:00,manufacturing unit,Motor overheated due to insufficient lubrication.,Production halted for two hours because of equipment failure.,Motor serviced and preventive maintenance schedule updated.
"A recent safety inspection on June 1st, 2024 revealed that several fire extinguishers in the office building were expired and some emergency exit signs were not illuminated. This posed a significant safety concern as it could hinder evacuation during an emergency. The facilities team was immediately notified and replaced all expired extinguishers and fixed the lighting issues. Additionally, a quarterly safety audit was scheduled to ensure compliance with safety standards.",Expired Fire Extinguishers and Faulty Exit Signs Found,safety concern,2024-06-01T09:00:00,office building,Expired fire extinguishers and non-functioning emergency exit lights.,Potential hazard during emergency evacuation.,"Extinguishers replaced, lights repaired, and quarterly safety audits scheduled."
"On an unknown date, multiple employees reported intermittent Wi-Fi connectivity issues in the main office area. The IT department investigated and discovered that a recent software update on the network routers caused compatibility problems. This issue led to disrupted communication and delays in completing tasks. The IT team rolled back the update and tested the network thoroughly to restore stable connectivity. Plans to conduct compatibility testing before future updates have been put in place.",Wi-Fi Connectivity Issues Due to Router Software Update,others,unknown,main office area,Recent router software update caused compatibility problems.,Intermittent Wi-Fi disruptions affecting employee communication.,Update rolled back and compatibility testing planned for future updates.
"On March 12th at approximately 3:15 PM, an employee slipped and fell while carrying heavy boxes in the warehouse. The floor was wet due to a recent cleaning, but no warning signs had been placed. The employee sustained minor bruises on the arm and was immediately taken to the onsite medical facility for assessment. The area was cordoned off and cleaned thoroughly before being reopened. Management has since implemented a new protocol to ensure wet floor signs are always displayed during cleaning to prevent future slips.",Employee Slip and Fall in Warehouse,injury,2024-03-12T15:15:00,warehouse,Wet floor without warning signs during cleaning,Employee slipped and sustained minor bruises,Implemented protocol to always display wet floor signs during cleaning
"During routine maintenance on April 5th, a technician accidentally dropped a wrench onto the control panel of machine #4, causing significant damage to the electrical components. This resulted in the machine being out of service for two days, delaying production schedules. The technician was following standard procedures but was not wearing the recommended protective gloves, which may have contributed to the mishap. Repairs were completed by the engineering team, and additional training sessions on equipment handling have been scheduled.",Damage to Machine Control Panel During Maintenance,equipment damage,2024-04-05,machine #4,Technician dropped a wrench onto control panel,Machine was out of service for two days delaying production,Completed repairs and scheduled additional training on equipment handling
"On May 20th at 11:45 AM, an unauthorized individual was detected attempting to access the restricted server room using a stolen access card. Security personnel were alerted by the badge access alarm system and intercepted the individual before entry. No data breach occurred, and the stolen card was deactivated immediately. An internal investigation is ongoing to determine how the card was compromised. Additional security measures, including biometric scanners, are planned to enhance access control in sensitive areas.",Attempted Unauthorized Access to Server Room,security breach,2024-05-20T11:45:00,server room,Use of stolen access card by unauthorized individual,Attempted access to restricted area without authorization,"Deactivated card, intercepted individual, and planned installation of biometric scanners"
A safety concern was raised on June 2nd after employees reported poor ventilation in the packaging department leading to uncomfortable working conditions and occasional headaches. Measurements confirmed elevated levels of airborne particulates. The ventilation system was found to be partially blocked due to accumulated dust and debris. Immediate cleaning was conducted and filters were replaced. Management has scheduled monthly maintenance checks and is exploring options to upgrade the ventilation system to better meet workplace health standards.,Poor Ventilation Causes Safety Concern in Packaging Department,safety concern,2024-06-02,packaging department,Blocked ventilation system due to accumulated dust,Uncomfortable working conditions and elevated airborne particulates,"Cleaned and replaced filters, scheduled monthly maintenance, and planning system upgrade"
"An incident occurred where a package containing fragile electronic components was accidentally dropped during loading onto the delivery truck on July 10th. The external packaging showed visible damage, and several components inside were found to be broken upon arrival at the receiving warehouse. The loading staff had not secured the boxes properly, leading to the fall. Immediate investigation prompted retraining of the logistics team on proper handling and securing of packages to prevent future damage.",Fragile Electronics Damaged During Loading,others,2024-07-10,loading dock,Improper securing of boxes during loading,Damage to fragile electronic components in shipment,Retrained logistics team on proper handling and securing of packages
"On March 15th, 2024, at approximately 10:30 AM, a worker sustained a cut on their left hand while operating a metal shearing machine in the main factory floor. The employee was not wearing protective gloves at the time, which led to the injury. Immediate first aid was administered, and the worker was sent to the onsite medical station for further treatment. The incident was reported to the safety supervisor, and a review of protective equipment protocols was initiated to prevent future occurrences.",Worker Injured by Metal Shearing Machine,injury,2024-03-15T10:30:00,main factory floor,Employee was not wearing protective gloves while operating machinery.,Worker sustained a cut on the left hand.,"Administered first aid, sent worker to medical station, and reviewed protective equipment protocols."
"A forklift collided with a storage rack in the warehouse on April 2nd, 2024, around 2:15 PM, causing significant damage to the rack and several stored items. The operator lost control while navigating a narrow aisle and failed to stop in time. No injuries were reported. The damaged equipment caused delays in inventory access and potential safety risks. Maintenance was called immediately to assess the damage and repair the rack. Additional training sessions for forklift operators have been scheduled to improve handling skills.",Forklift Collision Damages Storage Rack,equipment damage,2024-04-02T14:15:00,warehouse,Forklift operator lost control navigating a narrow aisle.,Damage to storage rack and delayed inventory access.,Maintenance assessed and repaired damage; scheduled operator training.
"On May 10th, 2024, the company’s network was compromised due to a phishing attack that led to unauthorized access to sensitive employee data. The breach was detected late in the afternoon when IT noticed unusual login activity. Immediate steps were taken to contain the breach, reset passwords, and enhance firewall protections. The incident exposed vulnerabilities in email security and employee awareness about phishing attempts. An awareness campaign and updated cybersecurity protocols were launched to mitigate future risks.",Phishing Attack Causes Data Breach,security breach,2024-05-10,company network,Phishing attack led to unauthorized access.,Compromise of sensitive employee data.,"Contained breach, reset passwords, enhanced security, and launched awareness campaign."
"During a routine inspection on June 5th, 2024, several fire extinguishers in the administrative building were found to be expired and non-functional. This safety concern was raised by the safety officer who immediately notified management. The expired extinguishers pose a risk in the event of a fire emergency, potentially endangering employees. Replacement extinguishers were ordered and installed within 48 hours. A new maintenance schedule was established to prevent recurrence of such lapses.",Expired Fire Extinguishers Found in Admin Building,safety concern,2024-06-05,administrative building,Fire extinguishers were not replaced before expiration.,Non-functional fire extinguishers pose fire safety risk.,Replaced extinguishers and implemented new maintenance schedule.
"A delivery truck was involved in a minor accident last Tuesday morning in the company parking lot. The truck backed into a parked vehicle while attempting to maneuver in a tight space. There were no injuries, but both vehicles sustained scratches and dents. The driver reported the incident immediately to the logistics manager. Insurance claims have been filed, and the parking lot layout is under review to improve traffic flow and reduce the likelihood of similar incidents.",Minor Vehicle Accident in Parking Lot,others,unknown,company parking lot,Truck backed into parked vehicle in tight space.,Scratches and dents on two vehicles.,Filed insurance claims and reviewing parking lot layout.
"On March 12, 2024, at approximately 9:30 AM, an employee in the warehouse slipped on a wet floor near the loading dock. The incident occurred due to a recent spill of cleaning fluid that had not yet been marked with warning signs. The employee sustained a minor ankle sprain and was taken to the onsite medical room for treatment. Following the incident, the area was immediately cleaned and warning signs were placed to prevent further accidents. Training on spill management will be reinforced with all warehouse staff to improve safety awareness.",Employee Slip and Ankle Injury in Warehouse,injury,2024-03-12T09:30:00,warehouse loading dock,Unmarked wet floor due to recent cleaning fluid spill,Employee sustained a minor ankle sprain from slipping,"Area cleaned, warning signs placed, and spill management training reinforced"
"During routine maintenance on April 5, 2024, a forklift operator accidentally backed into a storage rack in the main distribution center. The collision caused significant damage to a section of the rack, resulting in several pallets falling to the floor. Fortunately, no one was injured, but the incident disrupted workflow for several hours. The operator reported reduced visibility due to a malfunctioning rear-view mirror as a contributing factor. Repairs to the damaged rack were scheduled immediately, and forklift equipment inspections will be increased to ensure safety compliance.",Forklift Collision Damages Storage Rack,equipment damage,2024-04-05,main distribution center,Reduced visibility from malfunctioning rear-view mirror,Damage to storage rack and fallen pallets disrupted workflow,Rack repairs scheduled and forklift inspections increased
"On May 10, 2024, at around 2 PM, the IT department discovered unauthorized access to the company’s internal network. An unknown external party managed to breach the firewall using a phishing email that compromised an employee’s credentials. Sensitive data was potentially exposed, triggering an immediate response. The cybersecurity team isolated affected systems and began a thorough investigation while resetting all user passwords. Additional multi-factor authentication measures are being implemented to strengthen network security and prevent future breaches.",Unauthorized Network Access Detected,security breach,2024-05-10T14:00:00,company internal network,Phishing email compromised employee credentials,Potential exposure of sensitive data,"Affected systems isolated, passwords reset, and MFA implemented"
"A safety concern was raised on June 15, 2024, when several employees reported inadequate ventilation in the paint booth area of the manufacturing plant. The poor air circulation caused fumes to accumulate, leading to discomfort and mild headaches among workers. An immediate inspection confirmed that the ventilation system’s filters were clogged and need replacement. Temporary fans were installed to improve airflow while maintenance scheduled a full cleaning and filter replacement. The health and safety team will review ventilation standards to prevent recurrence.",Ventilation Issues Cause Employee Discomfort,safety concern,2024-06-15,"paint booth area, manufacturing plant",Clogged filters reducing ventilation effectiveness,Fumes accumulation caused discomfort and mild headaches,"Temporary fans installed, filters replaced, and ventilation standards reviewed"
"On an unknown date, a customer reported that a shipment arrived with several boxes damaged and some items missing. The delivery was handled by an external logistics provider, and the issue appears to have occurred during transit. The cause is likely due to improper handling of packages, resulting in damage and loss. The customer service team has opened a claim with the logistics company and is coordinating a replacement shipment. A review of packaging procedures is underway to enhance protection for future deliveries.",Damaged Shipment and Missing Items Reported,others,unknown,during transit,Improper handling of packages by logistics provider,Shipment boxes damaged and items missing upon delivery,Claim opened with logistics provider and replacement shipment coordinated
"On March 12th at approximately 2:30 PM, an employee slipped on a wet floor in the main lobby while carrying a stack of files. The spill had not yet been marked with a caution sign, leading to the fall. The employee sustained a minor ankle sprain and was taken to the onsite medical facility for evaluation. The floor was promptly cleaned and warning signs were placed to prevent further incidents. Staff were reminded during the afternoon meeting to report spills immediately to maintenance for timely cleanup and hazard marking.",Employee Slip and Ankle Injury Due to Unmarked Wet Floor,injury,2024-03-12T14:30:00,main lobby,Unmarked wet floor caused an employee to slip.,Employee sustained a minor ankle sprain.,Spill cleaned promptly and warning signs placed; staff reminded to report spills immediately.
"During routine maintenance on April 5th at the manufacturing plant, a forklift collided with a storage rack due to operator distraction. The impact caused significant damage to the rack and several boxed materials fell to the ground. No injuries were reported. The damaged rack was cordoned off for repair and an inspection was scheduled to assess the structural integrity of surrounding racks. The forklift operator received refresher training on safe driving protocols to prevent future incidents.",Forklift Collision Damages Storage Rack in Manufacturing Plant,equipment damage,2024-04-05Tunknown,manufacturing plant,Forklift operator distraction led to collision with storage rack.,Storage rack damaged and boxed materials fell.,Damaged rack cordoned off for repair; forklift operator retrained on safety protocols.
"On May 18th, an unauthorized individual accessed the restricted server room by tailgating an employee who held a valid access card. The breach was detected by the security monitoring system after unusual network activity was observed. No data appears to have been compromised. A security audit was initiated, and additional security measures including two-factor authentication and security awareness training for employees were implemented to prevent future breaches.",Unauthorized Access Detected in Restricted Server Room,security breach,2024-05-18,restricted server room,Unauthorized person gained access by tailgating an employee.,Potential security breach with unusual network activity detected.,Security audit initiated; two-factor authentication and staff training implemented.
"Employees reported that the emergency exit signs on the third-floor hallway were flickering intermittently during the week of June 1st. The issue posed a safety concern as proper exit marking is critical during emergencies. An electrical inspection revealed faulty wiring in the circuit supplying the signs. Repairs were completed by June 4th, and the emergency exit signage was tested to ensure consistent operation. Maintenance schedules were updated to include regular checks of all emergency lighting and signage.",Flickering Emergency Exit Signs on Third Floor,safety concern,2024-06-01 to 2024-06-04,third-floor hallway,Faulty wiring caused emergency exit signs to flicker.,"Emergency exit signs were intermittently non-functional, posing safety risk.",Wiring repaired; signage tested and maintenance schedules updated for regular checks.
"A chemical spill occurred in the laboratory on July 9th when a bottle containing a corrosive substance was accidentally knocked over during an experiment. The spill was contained quickly by lab personnel using the spill kit, and the area was ventilated to clear fumes. No injuries were reported, but the incident caused a temporary shutdown of the lab for cleanup and safety assessment. Additional training on handling chemicals was scheduled to reinforce proper laboratory protocols.",Chemical Spill Incident in Laboratory Leads to Temporary Shutdown,others,2024-07-09,laboratory,Accidental knock-over of corrosive chemical bottle during experiment.,Temporary lab shutdown for spill cleanup and safety assessment.,Spill contained and area ventilated; additional chemical handling training scheduled.
"On March 12th, 2024, at approximately 2:15 PM, an employee slipped and fell in the warehouse area due to a wet floor that was not marked with warning signs. The incident resulted in a minor ankle sprain requiring first aid treatment and a follow-up visit to a healthcare provider. The floor had been cleaned earlier but was left wet without proper signage to alert staff. Management has since instructed the cleaning crew to always place warning signs and conduct thorough inspections to prevent future accidents.",Employee Slip and Fall Due to Wet Floor,injury,2024-03-12T14:15:00,warehouse,Wet floor without warning signs,Employee sustained a minor ankle sprain from slipping,Cleaning crew instructed to place warning signs and conduct inspections
"During routine maintenance on April 5th, 2024, at the main production line, a technician accidentally damaged a conveyor belt motor while replacing worn parts. The damage caused the production line to halt for several hours, leading to delays in order fulfillment. The technician was not using the updated equipment manual, which resulted in improper handling. Following the incident, the maintenance team received additional training on the new procedures, and updated manuals were distributed to all staff.",Conveyor Belt Motor Damaged During Maintenance,equipment damage,2024-04-05T09:30:00,main production line,Technician used outdated procedures during maintenance,Production line halted causing delays,Staff received training and updated manuals were distributed
"On May 20th, 2024, a security breach was detected at the office building when an unauthorized individual was found attempting to access restricted areas after hours. The breach was identified through security camera footage and an alert from the access control system. The individual was detained by security personnel and handed over to local authorities. An internal review revealed gaps in the after-hours monitoring protocol. The security team has since enhanced surveillance measures and tightened access controls to prevent recurrence.",Unauthorized Access Attempt at Office Building,security breach,2024-05-20T21:45:00,office building,Inadequate after-hours monitoring allowed unauthorized access,Unauthorized individual accessed restricted areas,Enhanced surveillance and tightened access controls implemented
"At approximately 11:00 AM on June 2nd, 2024, a safety concern was raised in the laboratory after noticing that several fire extinguishers were past their expiration dates. This issue was brought up during a routine safety inspection. Although there were no immediate hazards or incidents, expired safety equipment reduces readiness in case of emergencies. The safety officer scheduled immediate replacement of the expired extinguishers and set up a regular maintenance calendar to ensure compliance with safety standards.",Expired Fire Extinguishers Found During Safety Inspection,safety concern,2024-06-02T11:00:00,laboratory,Fire extinguishers were not replaced before expiration,"Safety equipment was outdated, reducing emergency readiness",Expired extinguishers replaced and maintenance calendar established
"An unknown error occurred last week affecting the company email server, resulting in intermittent communication disruptions for several hours. The cause of the disruption was traced back to a software glitch during a routine update that was not properly tested. This resulted in delayed email deliveries impacting internal and external correspondence. IT has rolled back the update and is conducting a full review of update procedures to avoid similar incidents in the future.",Email Server Disruption Due to Software Glitch,others,unknown,unknown,Improperly tested software update caused server glitch,Intermittent email communication disruptions,Update rolled back and procedures under review
"On March 12th at approximately 9:30 AM, an employee slipped and fell in the warehouse near the loading dock. The floor was wet due to a recent spill that had not been marked or cleaned promptly. The employee suffered a sprained ankle and was taken to the medical office for evaluation. No equipment was damaged, but the incident highlighted the need for better spill management protocols. Supervisors have been instructed to ensure all spills are immediately cleaned and marked to prevent future accidents.",Employee Slip and Fall Injury in Warehouse,injury,2024-03-12T09:30:00,warehouse near loading dock,Wet floor from an unmarked and uncleared spill,Employee sustained a sprained ankle from slipping,Supervisors instructed to enforce prompt spill cleanup and marking
"During routine maintenance on April 5th at the main production line, a technician accidentally dropped a heavy wrench onto a conveyor belt, causing visible damage to the equipment. The conveyor belt stopped working immediately, resulting in a halt in production for several hours. The damaged part required replacement, and the maintenance team reviewed proper tool handling procedures with all staff to avoid similar incidents in the future.",Equipment Damage Due to Dropped Tool on Production Line,equipment damage,2024-04-05,main production line,Accidental dropping of a heavy wrench onto the conveyor belt,Conveyor belt damaged and production halted,Damaged parts replaced and tool handling procedures reviewed
"On February 20th, the security system detected unauthorized access to the company’s server room late at night. The intruder bypassed the electronic door locks and was apprehended by security personnel shortly after entering. No data was reported stolen, but the incident raised concerns about the adequacy of current security measures. An audit was scheduled to assess vulnerabilities and upgrade the access controls to prevent future breaches.",Unauthorized Access Attempt in Server Room,security breach,2024-02-20,server room,Intruder bypassed electronic door locks,Potential security vulnerability and unauthorized entry,Scheduled audit and upgrade of access controls
"A safety concern was raised on May 10th regarding exposed wiring in the break room. Employees reported frayed cables hanging near the coffee machine, posing a risk of electrical shock or fire. Facilities management inspected the area immediately and confirmed the hazard. The wires were repaired and properly enclosed the same day, and a routine inspection schedule was implemented to ensure ongoing safety compliance.",Exposed Wiring Hazard in Break Room,safety concern,2024-05-10,break room,Frayed electrical cables left exposed near equipment,Risk of electrical shock or fire,Wires repaired and enclosed; routine inspections scheduled
"An incident of miscommunication occurred during a team shift change on January 15th, leading to a delay in processing customer orders for over an hour. The outgoing shift failed to relay important updates about a software malfunction, causing the incoming team to be unaware and unprepared. As a result, several orders were delayed, impacting customer satisfaction. Management has since introduced a standardized handover checklist to improve communication between shifts.",Shift Change Miscommunication Causes Order Processing Delay,others,2024-01-15,unknown,Failure to relay software malfunction updates during shift handover,Delayed customer order processing and reduced satisfaction,Introduced standardized handover checklist for shifts
"On March 12, 2024, at approximately 3:15 PM, a worker slipped on a wet floor near the south entrance of the warehouse. The worker lost balance and fell, injuring their left wrist. The area had recently been mopped but was not marked with a warning sign. Immediate first aid was provided, and the injured employee was taken to the medical center for evaluation. The floor was promptly dried and warning signs were placed to prevent further accidents. A review of cleaning procedures was scheduled to improve safety measures in the facility.",Worker slipped on wet floor causing wrist injury,injury,2024-03-12T15:15:00,south entrance of the warehouse,Wet floor with no warning signs after mopping,Worker injured left wrist from slipping and falling,"Provided first aid, transported employee to medical center, placed warning signs, and scheduled cleaning procedure review"
"During routine operations on April 5, 2024, an electrical fire broke out in the main control room at 10:30 AM due to a short circuit in the control panel. The fire caused significant damage to the control panel and nearby equipment, leading to a temporary shutdown of operations. Fire extinguishers were used promptly to control the blaze, and the fire department was notified as a precaution. No personnel were injured. An electrical inspection and repair plan were immediately initiated to restore functionality and prevent future incidents.",Electrical fire damages control panel causing shutdown,equipment damage,2024-04-05T10:30:00,main control room,Short circuit in the control panel,Damage to control panel and equipment causing operational shutdown,"Extinguished fire, notified fire department, and initiated electrical inspection and repair plan"
"On June 18, 2024, at 9:45 AM, an unauthorized individual was detected attempting to access the server room without proper clearance. Security personnel intervened quickly and escorted the individual out of the premises. No data breach was confirmed, but the incident raised concerns about the effectiveness of current access controls. The security team has since reviewed and tightened access protocols, including updating badge permissions and increasing surveillance in sensitive areas to prevent future security breaches.",Unauthorized access attempt to server room prevented,security breach,2024-06-18T09:45:00,server room,Unauthorized individual attempting access without clearance,Potential security breach and access control vulnerability,"Escorted individual out, reviewed and tightened access protocols, updated badge permissions, and increased surveillance"
"A safety concern was reported on February 20, 2024, when several workers noticed that the emergency exit signs in the east wing were not illuminated during a routine safety check at 8:00 AM. This lack of lighting could cause confusion during an emergency evacuation. Maintenance was immediately dispatched to replace the faulty bulbs and inspect the emergency lighting system. Additional checks were scheduled weekly to ensure all safety signage remains operational at all times to comply with safety regulations.",Emergency exit signs not illuminated during safety check,safety concern,2024-02-20T08:00:00,east wing,Faulty bulbs causing emergency exit signs to be unlit,Risk of confusion during emergency evacuation due to unlit exit signs,"Replaced bulbs, inspected lighting system, and scheduled weekly safety signage checks"
"On May 8, 2024, a shipment of raw materials was delayed due to a miscommunication between the logistics team and the supplier. The error was identified when inventory levels dropped unexpectedly during a stock audit at 2:00 PM, impacting production schedules. The logistics team reviewed communication protocols and implemented a double-confirmation process for future orders to prevent similar delays. Coordination meetings were scheduled weekly with suppliers to improve order accuracy and delivery timelines.",Shipment delay caused by logistics miscommunication,others,2024-05-08T14:00:00,unknown,Miscommunication between logistics team and supplier,Delayed shipment impacting production schedules,"Reviewed communication protocols, implemented double-confirmation process, and scheduled weekly supplier coordination meetings"
"On March 12th, 2024, at approximately 2:30 PM, a worker in the warehouse slipped on a wet floor near aisle 4, resulting in a sprained ankle. The floor had recently been mopped but no warning signs were placed. The injured employee was immediately given first aid and transported to the medical center for further evaluation. A review of cleaning protocols was initiated to prevent recurrence, and additional training on hazard identification was scheduled for all warehouse staff.",Worker Injury Due to Wet Floor in Warehouse,injury,2024-03-12T14:30:00,"warehouse, aisle 4",Slippery wet floor with no warning signs after mopping.,Employee sustained a sprained ankle from slipping.,"Provided first aid, medical evaluation, and initiated cleaning protocol review with staff training."
"During routine maintenance on April 5th, 2024, a forklift operator accidentally collided with a storage rack in the loading dock area. The impact caused significant damage to both the forklift’s front bumper and the rack structure, leading to temporary suspension of loading activities. An investigation revealed the operator had not fully lowered the forks before reversing. Repairs are scheduled, and refresher training on forklift operation safety is being implemented.",Forklift Collision Causes Equipment Damage at Loading Dock,equipment damage,2024-04-05,loading dock area,Operator reversed forklift without lowering forks fully.,"Damage to forklift bumper and storage rack, halting loading operations.",Scheduled repairs and initiated forklift operation safety refresher training.
"On May 20th, 2024, an unauthorized person was detected attempting to access the server room after hours at 9:15 PM. Security personnel identified and detained the individual before any breach occurred. The intruder was found carrying a hacking device. Following the incident, access controls were reviewed and additional security cameras were installed to enhance monitoring. Staff were reminded of security protocols during a briefing session the following day.",Attempted Unauthorized Access to Server Room Prevented,security breach,2024-05-20T21:15:00,server room,Unauthorized individual attempted after-hours access with hacking device.,Potential breach of sensitive data access prevented.,"Detained intruder, reviewed access controls, installed cameras, and reinforced staff security training."
"A safety inspection on June 10th, 2024, revealed that several emergency exit signs in the main office building were either dim or non-functional. This poses a significant safety concern, as in an emergency these signs may not adequately guide occupants to exits. Maintenance was immediately notified, and all faulty signs were replaced within 24 hours. A schedule for regular checks of all safety equipment was implemented to avoid future issues.",Emergency Exit Signs Found Non-Functional During Inspection,safety concern,2024-06-10,main office building,Faulty or dim emergency exit signs detected during inspection.,Reduced visibility of emergency exits in the building.,Replaced signs promptly and established regular safety equipment inspection schedule.
"An unexpected power outage occurred on July 2nd, 2024, at 11:45 AM, affecting the production line in the manufacturing plant. The outage lasted approximately 20 minutes due to a transformer fault identified by the electrical team. Production was halted, leading to a backlog in orders. Emergency power protocols were followed to ensure equipment safety, and the transformer was repaired and tested. Management is reviewing backup power solutions to mitigate future disruptions.",Power Outage Halts Production Due to Transformer Fault,others,2024-07-02T11:45:00,manufacturing plant,Transformer fault caused unexpected power outage.,"Production line was halted, causing order backlog.","Followed emergency protocols, repaired transformer, and reviewing backup power solutions."
"On March 15, 2024, at approximately 2:30 PM, a forklift operator accidentally collided with a storage rack in Warehouse B. The forklift's front fork caught on the edge of a wooden pallet, causing the operator to lose control briefly before stopping. No injuries were reported, but several boxes were damaged, and the rack sustained structural harm. The incident caused a temporary halt in warehouse operations while the area was cleared and assessed for safety. The safety team reviewed forklift operating procedures and scheduled refresher training for all operators to prevent recurrence.",Forklift Collision Damages Storage Rack,equipment damage,2024-03-15T14:30:00,Warehouse B,Forklift operator lost control after the fork caught on a wooden pallet edge.,"Damage to storage rack and goods, interrupting warehouse operations.",Cleared and assessed area; scheduled forklift operator refresher training.
"During a routine security audit on April 2, 2024, the IT department discovered unauthorized access to the company's internal network. The breach was traced back to a compromised employee password, which allowed an external party to access confidential files. Although no data seemed to have been extracted, the incident raised concerns about password management policies. Immediate action was taken to reset all passwords and implement two-factor authentication across all systems. An investigation is ongoing to determine the full extent of the breach and prevent future occurrences.",Unauthorized Network Access Detected,security breach,2024-04-02,Company internal network,Compromised employee password allowed external access.,Potential exposure of confidential files and security risk.,Reset all passwords and implemented two-factor authentication; ongoing investigation.
"On January 10, 2024, an employee slipped on a wet floor near the main entrance lobby at around 9:45 AM. The floor had recently been mopped but was not marked with appropriate warning signs. The employee suffered a minor ankle sprain and was taken to the onsite medical facility for treatment. This incident highlighted the need for better communication and signage during cleaning activities. The facilities team has since updated the cleaning protocol to include placing visible wet floor signs and ensuring areas are dried promptly.",Employee Injury Due to Wet Floor Slip,injury,2024-01-10T09:45:00,Main entrance lobby,Wet floor without warning signs caused employee to slip.,Employee sustained a minor ankle sprain requiring medical attention.,Updated cleaning protocol to include visible wet floor signs and prompt drying.
"On February 28, 2024, a safety concern was raised when several employees reported inadequate ventilation in the manufacturing area. The poor air circulation resulted in discomfort and occasional dizziness among workers. An inspection revealed that the ventilation system filters were clogged and required maintenance. As a temporary measure, portable air purifiers were installed, and scheduled maintenance was planned to replace filters and improve airflow. Management committed to more frequent inspections to ensure the work environment remains safe and compliant with health standards.",Inadequate Ventilation Causes Worker Discomfort,safety concern,2024-02-28,Manufacturing area,Clogged ventilation system filters reduced air circulation.,Employees experienced discomfort and dizziness due to poor air quality.,Installed portable air purifiers and scheduled ventilation system maintenance.
"On March 5, 2024, during routine maintenance, a technician accidentally damaged a conveyor belt motor in the packaging department. The motor sustained mechanical failure due to improper handling of tools during the repair process. This equipment damage caused a production delay of approximately four hours until a replacement motor could be installed. The maintenance team reviewed and revised their standard operating procedures to ensure proper tool use and handling. Additional training was scheduled to reinforce adherence to safety and maintenance protocols.",Conveyor Belt Motor Damaged During Maintenance,equipment damage,2024-03-05,Packaging department,Improper handling of tools during repair caused mechanical failure.,Production delay of about four hours due to motor damage.,Revised maintenance procedures and scheduled additional training.
"On March 12, 2024, at approximately 10:45 AM, an employee slipped on a wet floor near the main entrance lobby. The floor had just been mopped but was not marked with any caution signs. The employee suffered a minor sprain to the left ankle and was immediately taken to the onsite medical facility for treatment. The maintenance team was instructed to use wet floor signs during cleaning to prevent similar incidents in the future.",Employee Slip and Ankle Sprain Due to Wet Floor,injury,2024-03-12T10:45:00,main entrance lobby,Wet floor was not marked with caution signs after mopping,Employee suffered a minor ankle sprain from slipping,Maintenance team to use wet floor signs during cleaning
"During routine inspection on April 5, 2024, it was discovered that a forklift in Warehouse B had a damaged hydraulic lift system. The damage appeared to be caused by improper handling during loading operations the previous day. The forklift was immediately taken out of service to prevent any accidents or further damage. Repairs were scheduled with the equipment maintenance contractor and all operators were reminded of proper handling procedures.",Forklift Hydraulic Damage Found During Inspection,equipment damage,2024-04-05,Warehouse B,Improper handling during loading operations,Forklift hydraulic lift system was damaged,Forklift taken out of service and repairs scheduled
"On February 21, 2024, at approximately 9:30 PM, an unauthorized individual was detected attempting to access the server room using a stolen access card. The security system logged the breach and security personnel quickly intervened, escorting the individual off premises without incident. The incident prompted a full review of access card controls and the implementation of additional authentication measures.",Unauthorized Access Attempt Detected at Server Room,security breach,2024-02-21T21:30:00,server room,Use of a stolen access card by an unauthorized individual,Attempted unauthorized access to restricted area,Security reviewed access controls and added authentication measures
"A safety inspection on May 10, 2024, revealed that several emergency exit signs in Building C were not illuminated during a power outage test. The non-functioning signs could cause confusion during an actual emergency evacuation. The electrical maintenance team was tasked with replacing faulty bulbs and checking the backup battery systems to ensure all exit signs remain operational at all times.",Emergency Exit Signs Not Illuminated During Test,safety concern,2024-05-10,Building C,Faulty bulbs and backup battery system failure,Emergency exit signs were not illuminated during power outage test,Maintenance team to replace bulbs and verify backup systems
"An incident occurred on January 15, 2024, when a delivery truck accidentally backed into a warehouse loading dock pillar causing minor structural damage. There were no injuries reported. The truck driver reported difficulty seeing the pillar due to poor lighting in the area. The facility management has planned to improve lighting in the loading dock and install protective barriers to prevent future collisions.",Delivery Truck Collision with Loading Dock Pillar,equipment damage,2024-01-15,warehouse loading dock,Poor lighting causing limited visibility for truck driver,Minor structural damage to loading dock pillar,Improve lighting and install protective barriers at loading dock
"On March 15th, 2024, at approximately 2:30 PM, an employee suffered a minor hand injury while operating a packaging machine in the warehouse. The injury occurred when the worker's glove got caught in the moving parts of the machine, leading to a small cut. Immediate first aid was administered, and the employee was sent to the onsite medical facility for further evaluation. The machine was stopped and inspected to prevent future incidents. Safety training on proper glove use around machinery is scheduled for all staff next week.",Employee Hand Injury from Packaging Machine,injury,2024-03-15T14:30:00,warehouse,Worker's glove got caught in moving machine parts.,Minor hand injury to employee.,"First aid administered, machine inspected, and safety training scheduled."
"During a routine inspection on April 5th, 2024, a forklift was found to have significant hydraulic fluid leakage in the loading dock area. The leak was traced back to a damaged hose that had deteriorated over time. This equipment damage posed a risk of operational delays and environmental contamination. The forklift was immediately taken out of service and repairs were scheduled for the following day. Spill containment measures were implemented to prevent any hazards while the repair was in progress.",Forklift Hydraulic Leak Detected at Loading Dock,equipment damage,2024-04-05,loading dock,Deteriorated hydraulic hose causing fluid leakage.,Risk of operational delays and environmental contamination.,"Forklift removed from service, repairs scheduled, and spill containment applied."
"On May 12th, 2024, at approximately 9:00 AM, an unauthorized individual was detected attempting to access the restricted server room at the corporate office. Security personnel promptly intervened, and the intruder was escorted off premises without incident. Investigation revealed that the individual was a former contractor whose access permissions had not been properly revoked. This security breach highlighted gaps in the access control process, prompting a review and immediate update of clearance protocols for all former employees and contractors.",Unauthorized Access Attempt in Server Room,security breach,2024-05-12T09:00:00,corporate office server room,Former contractor's access permissions were not revoked.,Attempted unauthorized access to sensitive area.,"Intruder removed, investigation conducted, and access protocols updated."
"On June 20th, 2024, during a routine walk-through of the production floor, a supervisor noticed several emergency exit signs were not illuminated due to electrical faults. This safety concern could potentially lead to confusion or delays during an emergency evacuation. An immediate inspection was ordered, and temporary signage was put in place while electricians were called to repair the faulty wiring. A maintenance schedule was established to regularly check all emergency lighting to prevent similar issues in the future.",Emergency Exit Signs Not Illuminated,safety concern,2024-06-20,production floor,Electrical faults causing exit signs to not illuminate.,Potential evacuation delays during emergencies.,"Temporary signage installed, repairs scheduled, and maintenance plan implemented."
"A delivery truck was involved in a minor collision with a loading dock barrier on July 8th, 2024, at 11:45 AM. The incident caused damage to the truck's side mirror and the dock barrier but resulted in no injuries. The driver reported that the collision happened due to a misjudgment while reversing. The damaged equipment was documented, and repairs were arranged promptly. Additionally, a refresher training session on vehicle maneuvering in tight spaces was scheduled for all delivery personnel to reduce future risks.",Minor Collision Between Delivery Truck and Dock Barrier,equipment damage,2024-07-08T11:45:00,loading dock,Driver misjudged distance while reversing.,Damage to truck mirror and dock barrier.,"Damage documented, repairs arranged, and driver training scheduled."
"On March 15th at approximately 2:30 PM, a forklift operator accidentally collided with a storage rack in Warehouse B. The collision caused several boxes to fall, resulting in minor damage to the boxes and the forklift's front guard. Fortunately, no personnel were injured during the incident. The operator reported that the area was slightly congested, which limited visibility and maneuvering space. The management has scheduled a safety reassessment of the warehouse layout to prevent similar occurrences and arranged additional training for forklift operators on navigating tight spaces.",Forklift Collision Causes Equipment Damage in Warehouse B,equipment damage,2024-03-15T14:30:00,Warehouse B,Limited visibility and congested area led the forklift operator to collide with the storage rack.,Damage to storage boxes and forklift front guard occurred due to the collision.,Scheduled safety reassessment of warehouse layout and arranged additional forklift operator training.
"During routine patrol on April 2nd at 10:00 AM, security personnel discovered that the main server room door lock was tampered with, and signs of forced entry were evident. No electronic devices were reported missing, but the incident raised concerns about potential unauthorized access to sensitive data. An immediate investigation was launched, and the security system was upgraded with enhanced locks and surveillance cameras. Staff were reminded to report any suspicious activity promptly to maintain data security and prevent future breaches.",Attempted Forced Entry Detected at Server Room,security breach,2024-04-02T10:00:00,Main server room,Tampering and forced entry attempt on the server room door lock.,Risk of unauthorized access to sensitive data due to compromised security.,Launched investigation and upgraded security system with enhanced locks and cameras.
"On May 10th, an employee slipped while exiting the factory break room, resulting in a minor sprain to their ankle. The floor was wet due to a recent cleaning, and there were no warning signs posted. The incident highlighted a gap in safety protocols regarding wet floor signage. The management has since implemented a mandatory policy requiring visible wet floor signs during and after cleaning activities to prevent slips and falls in the future.",Employee Slip Injury Due to Unmarked Wet Floor,injury,2024-05-10,Factory break room exit,Wet floor from cleaning with no warning signs posted.,Employee suffered a minor ankle sprain after slipping.,Implemented mandatory wet floor signage policy during and after cleaning.
"A recent inspection on June 1st revealed that several emergency exit lights in Building C were not functioning properly, which may pose a safety hazard during power outages or emergencies. The malfunction was due to old wiring and a lack of regular maintenance checks. This safety concern was escalated to the facilities management team, who prioritized immediate repairs and scheduled monthly maintenance checks to ensure all emergency lighting remains operational.",Non-Functional Emergency Exit Lights Found in Building C,safety concern,2024-06-01,Building C,Old wiring and insufficient maintenance caused exit lights to fail.,"Emergency exit lighting was unreliable, posing a hazard during emergencies.",Facilities team prioritized repairs and scheduled monthly maintenance checks.
"During an afternoon shift on February 20th, the chemical storage room experienced a small spill of cleaning solvent due to a container leak. No injuries were reported, but the spill created a slippery surface and a potential inhalation hazard. The cleanup team responded promptly, following hazardous material protocols to contain and clean the spill safely. Further inspection identified that the leaking container was past its expiration date. The chemical inventory management was updated to ensure expired containers are disposed of timely to prevent future incidents.",Solvent Spill in Chemical Storage Room Due to Leaking Container,others,2024-02-20,Chemical storage room,Leaking container past expiration date caused solvent spill.,Spill created slippery surface and potential inhalation hazard.,Cleanup followed hazardous protocols and inventory management updated to dispose expired containers timely.
"On March 10th, 2024, at approximately 2:30 PM, an employee slipped and fell in the warehouse due to a wet floor that was not marked with caution signs. The incident resulted in a minor ankle sprain. Immediate first aid was provided, and the employee was taken to the onsite medical room for evaluation. The wet floor was caused by a leaking pipe that had gone unnoticed. Staff was reminded to report hazards promptly, and maintenance was scheduled to fix the leak and improve floor safety protocols to prevent future accidents.",Employee Slip and Fall Due to Wet Floor,injury,2024-03-10T14:30:00,warehouse,Wet floor caused by a leaking pipe that was not marked with caution signs.,Employee sustained a minor ankle sprain after slipping on the wet floor.,"First aid administered, leak repair scheduled, and safety protocols reinforced."
"During the night shift on April 2nd, 2024, the main production line conveyor belt malfunctioned, causing a halt in operations for nearly three hours. The issue was traced back to a motor overheating due to insufficient lubrication. This equipment failure led to delayed shipments and increased downtime costs. The maintenance team was alerted immediately and replaced the motor bearings. A new lubrication schedule was implemented to ensure routine checks and prevent recurrence of the overheating problem.",Conveyor Belt Motor Overheating Causes Production Halt,equipment damage,2024-04-02T23:00:00,main production line,Motor overheating due to insufficient lubrication.,Production halted for three hours causing shipment delays and downtime costs.,Motor bearings replaced and new lubrication schedule implemented.
"On May 15th, 2024, an unauthorized person was spotted attempting to access the restricted server room without proper identification. Security personnel intervened promptly and escorted the individual off the premises. The incident raised concerns about the effectiveness of current access control measures. A review of security protocols was initiated, and additional badge verification systems were ordered to enhance access restrictions and prevent future breaches.",Unauthorized Access Attempt to Server Room,security breach,2024-05-15,server room,Unauthorized individual attempted to enter restricted area without proper ID.,Potential security breach compromising server room access.,Security protocols reviewed and enhanced with additional badge verification.
"A recent inspection on June 5th, 2024, identified inadequate emergency exit signage in the north wing of the office building. Several signs were either obscured or missing, causing confusion during evacuation drills. This safety concern could lead to serious risks during an actual emergency. The facilities team was tasked to replace and properly position all emergency exit signs, and an audit schedule was established to ensure compliance with safety standards going forward.",Inadequate Emergency Exit Signage in Office Building,safety concern,2024-06-05,"north wing, office building",Obscured or missing emergency exit signage.,Confusion during evacuation drills risking occupant safety.,Emergency exit signs replaced and audit schedule established.
"On an unknown date, a delivery vehicle accidentally backed into a loading dock pillar, causing damage to the vehicle’s rear bumper and the dock structure. No injuries were reported. The cause was determined to be driver inattention during parking. The damage led to minor disruptions in loading operations until repairs were completed. Follow-up measures include driver safety retraining and installation of additional protective bollards around the loading area to minimize future vehicle collisions.",Delivery Vehicle Damages Loading Dock Pillar,equipment damage,unknown,loading dock,Driver inattention during parking caused vehicle to back into pillar.,Damage to vehicle and dock causing minor operational disruptions.,Driver retraining conducted and protective bollards installed.
"On March 12th at around 3 PM, a worker slipped and fell in the warehouse due to a wet floor that had not been properly marked. The incident resulted in a sprained ankle, requiring immediate medical attention. The floor cleaning crew had recently mopped the area but failed to place warning signs. Safety protocols were reviewed after the incident, and additional training was scheduled. The site manager emphasized the importance of hazard communication to prevent similar accidents in the future.",Worker Injury Due to Unmarked Wet Floor,injury,2024-03-12T15:00:00,warehouse,A wet floor without warning signs caused the worker to slip and fall.,The worker sustained a sprained ankle requiring medical attention.,Safety protocols were reviewed and additional hazard communication training scheduled.
"During a routine inspection on April 5th, it was discovered that a forklift had a malfunctioning hydraulic system. The equipment was showing signs of leakage and reduced lifting capacity. This defect posed a risk of sudden failure during operation, potentially endangering staff and workflow. The maintenance team was immediately notified and took the forklift out of service. Repairs were scheduled for the following day, and operators were reminded to report any irregular equipment behavior promptly.",Forklift Hydraulic Malfunction Detected,equipment damage,2024-04-05,equipment storage area,Hydraulic system malfunction caused by leakage and wear.,Potential risk of equipment failure endangering staff and workflow.,Forklift was removed from service and repairs scheduled promptly.
"On the evening of May 10th, an unauthorized individual was spotted attempting to gain access to the company’s server room. Security personnel intercepted the individual before any breach could occur. Investigation revealed that the person was trying to retrieve sensitive data without proper clearance. Access control protocols have since been reinforced, and additional surveillance cameras were installed to prevent future incidents. Staff have been reminded about the importance of reporting suspicious activity immediately.",Attempted Unauthorized Access to Server Room,security breach,2024-05-10T19:30:00,server room,Unauthorized individual attempted data retrieval without clearance.,Risk of sensitive data compromise due to attempted breach.,"Access protocols reinforced, surveillance enhanced, and staff briefed."
"Several employees reported feeling dizzy and experiencing headaches while working near the chemical storage area on June 2nd. An investigation revealed that a small leak from a container had released fumes into the air. The area was immediately evacuated, and the chemical spill response team was called in to contain and clean the leak. Ventilation systems were checked and improved to prevent future exposure. Employees received health monitoring and safety reminders about hazard reporting.",Chemical Fume Exposure Near Storage Area,safety concern,2024-06-02,chemical storage area,Leakage of chemicals released hazardous fumes into the work area.,Employees experienced dizziness and headaches due to fume exposure.,"Area evacuated, spill contained, ventilation improved, and staff monitored."
"A delivery truck collided with a loading dock on July 15th, causing damage to both the vehicle and dock infrastructure. The accident occurred during off-hours while the driver was maneuvering in tight space with limited visibility. No injuries were reported, but operations were delayed as repairs were arranged. The logistics team reviewed delivery procedures and introduced additional training for drivers on navigating the facility safely.",Delivery Truck Collision with Loading Dock,equipment damage,2024-07-15,loading dock,Limited visibility during maneuvering led to collision with the dock.,Damage to truck and dock caused operational delays.,Repair arrangements made and driver training enhanced for safety.
"On March 12, 2024, at approximately 10:30 AM, a worker in the assembly line suffered a minor hand injury while operating a stamping machine. The injury occurred due to the operator not following the safety protocol of keeping hands clear during machine operation. The injured employee was immediately taken to the onsite medical facility for treatment and advised to rest for the remainder of the day. Supervisors have scheduled a refresher safety training session for all assembly line workers to prevent similar incidents in the future.",Hand Injury on Assembly Line,injury,2024-03-12T10:30:00,Assembly Line,Operator did not follow safety protocol while using the stamping machine.,Worker suffered a minor hand injury during machine operation.,Injured employee received treatment and a safety training refresher was scheduled.
"Yesterday evening, the company experienced a security breach when unauthorized access was detected on the main server. The breach occurred around 7:45 PM, when an unknown individual gained entry through a compromised employee account. IT security was alerted immediately and responded by temporarily shutting down the affected servers to prevent data loss. Passwords were reset, and a full forensic investigation was launched to identify the source of the breach and prevent future occurrences.",Unauthorized Server Access Detected,security breach,unknown,Main Server Room,Compromised employee account allowed unauthorized access.,Security breach resulted in potential exposure of sensitive data.,"Servers were shut down temporarily, passwords reset, and a forensic investigation initiated."
"During the routine inspection on April 3rd, a malfunction was discovered in the factory’s cooling system. The cooling unit was found leaking refrigerant due to a worn-out valve. This malfunction posed a risk of overheating the machinery, which could lead to operational downtime. Maintenance was immediately notified, and the faulty valve was replaced the same day. Additional checks were scheduled to ensure the system was fully operational and to prevent future leaks.",Cooling System Malfunction Due to Valve Leak,equipment damage,2024-04-03,Factory Cooling System,Worn-out valve caused refrigerant leak in the cooling unit.,Risk of machinery overheating and potential downtime.,Faulty valve replaced and additional system checks scheduled.
"A safety concern was raised last week when several employees reported inadequate lighting in the warehouse aisles, leading to near-miss accidents during nighttime shifts. The reduced visibility increased the risk of tripping over pallets or colliding with machinery. The facilities team conducted an immediate assessment and installed additional LED lighting fixtures in the affected areas. Training on proper warehouse navigation was also reinforced for all night shift personnel.",Inadequate Warehouse Lighting Causes Safety Concern,safety concern,unknown,Warehouse aisles,Insufficient lighting during nighttime shifts caused poor visibility.,Increased risk of tripping and collisions leading to near-miss accidents.,Additional lighting installed and navigation training reinforced for night shift employees.
"At approximately 2 PM on May 7th, a delivery truck accidentally backed into the loading dock pillar, causing significant damage to the vehicle’s rear bumper and the dock structure. The incident occurred due to the driver misjudging the clearance while reversing in a congested area. No injuries were reported, but the damage delayed unloading operations by several hours. The truck was taken for repairs, and staff were reminded to use spotters or cameras to assist in reversing safely.",Delivery Truck Collides with Loading Dock Pillar,equipment damage,2024-05-07T14:00:00,Loading Dock,Driver misjudged clearance while reversing in a congested area.,Damage to truck and dock caused unloading delays.,Vehicle sent for repairs; staff reminded to use spotters or cameras when reversing.
"On March 3rd, 2024, at approximately 10:15 AM, a worker in the warehouse slipped on a wet floor near the loading dock. The individual sustained a minor sprain to the left ankle and was immediately taken to the onsite medical facility for evaluation. The floor had recently been mopped, but no warning signs were placed nearby. The incident caused a temporary halt in loading operations. Management has since implemented stricter protocols for floor cleaning and ensured that wet floor signs are deployed promptly to prevent similar occurrences.",Worker Injury Due to Slippery Floor,injury,2024-03-03T10:15:00,warehouse loading dock,Wet floor without proper warning signage caused the worker to slip.,Temporary halt in loading operations due to injury.,Implemented stricter cleaning protocols and ensured wet floor signs are placed promptly.
"During the night shift on April 12th, 2024, the main production line conveyor belt malfunctioned in the assembly plant. The equipment stopped abruptly, causing damage to several components and delaying the production schedule by several hours. Initial investigation revealed a failure in the motor controller due to overheating. The maintenance team replaced the faulty parts and performed a full system check to prevent recurrence. Production resumed with minimal further disruption after these repairs were completed.",Conveyor Belt Equipment Failure in Assembly Plant,equipment damage,2024-04-12T23:00:00,assembly plant,Motor controller failure caused by overheating.,Production delay and damage to conveyor components.,Replaced faulty parts and conducted full system check before resuming production.
"On May 5th, 2024, unauthorized access was detected in the company’s data center at 2:45 AM. Security cameras recorded an individual bypassing the main entrance security system. Although no data breach was confirmed, the incident raised concerns about physical security vulnerabilities. The security team immediately reviewed access logs and increased patrol frequency. As a preventive measure, additional biometric authentication devices were installed at all entry points to enhance security.",Unauthorized Access Attempt at Data Center,security breach,2024-05-05T02:45:00,company data center,Individual bypassed main entrance security system.,Potential physical security vulnerability with risk of unauthorized entry.,"Reviewed access logs, increased patrols, and installed biometric authentication devices."
"A safety concern was raised on June 10th, 2024, after employees reported poor ventilation in the paint shop area. Several workers experienced headaches and dizziness during their shifts. An inspection confirmed that the air extraction system was operating below recommended levels, leading to a buildup of fumes. Immediate steps were taken to repair the ventilation system, and temporary air purifiers were installed. Regular maintenance schedules have been updated to ensure optimal air quality and prevent future health risks.",Poor Ventilation Caused Health Concerns in Paint Shop,safety concern,2024-06-10,paint shop,Air extraction system operating below recommended levels.,Workers experienced headaches and dizziness due to fume buildup.,"Repaired ventilation system, installed air purifiers, and updated maintenance schedules."
"On an unspecified date, a delivery truck collided with a loading dock barrier during a routine goods drop-off. The impact caused visible damage to the truck’s front bumper and the dock infrastructure, requiring immediate repairs. No injuries were reported. The cause was determined to be the driver’s misjudgment of distance while reversing. Staff have since been retrained on vehicle docking procedures, and additional mirrors were installed to improve visibility during maneuvers.",Delivery Truck Collision with Loading Dock Barrier,equipment damage,unknown,loading dock,Driver misjudged distance while reversing.,Damage to truck bumper and dock infrastructure.,Conducted staff retraining and installed additional mirrors for better visibility.
"On March 15, 2024, at approximately 10:30 AM, an employee slipped on a wet floor in the warehouse receiving area. The floor had recently been mopped, but no warning signs were posted. The employee fell and suffered a minor sprain to the left ankle. First aid was administered on site, and the employee was advised to see a doctor. The incident was reported to management, and additional safety signs were placed immediately to prevent future slips. The cleaning schedule was also adjusted to ensure floors are dried before allowing access.",Employee Slip and Ankle Sprain in Warehouse,injury,2024-03-15T10:30:00,warehouse receiving area,Wet floor without warning signs,Employee injury due to slipping on wet surface,Placed safety signs and adjusted cleaning schedule to prevent future incidents
"During routine operation on April 2, 2024, at 2 PM, a forklift in the loading dock area collided with a pallet rack, causing significant structural damage. The forklift operator lost control momentarily while maneuvering a heavy load, leading to the impact. No injuries were reported, but the collision resulted in delayed loading schedules and potential safety hazards due to unstable racks. The damaged rack was cordoned off, and an engineering team was called to inspect and repair the structure. The forklift operator received additional training following the incident.",Forklift Collision Damages Pallet Rack,equipment damage,2024-04-02T14:00:00,loading dock area,Loss of control by forklift operator during maneuver,Structural damage causing safety and operational delays,"Restricted access, repaired rack, and retrained forklift operator"
"On May 10, 2024, unauthorized access was detected in the company's main server room. At 11:45 PM, security cameras captured an unknown individual attempting to bypass the electronic lock system. The breach attempt was unsuccessful, and no data was compromised. However, the incident raised concerns about the current security protocols. The security team reviewed access logs and increased patrol frequency. A plan to upgrade the lock system to biometric authentication was proposed to prevent future attempts.",Attempted Unauthorized Access to Server Room,security breach,2024-05-10T23:45:00,main server room,Attempt to bypass electronic lock by unknown individual,Security breach attempt risking potential data compromise,"Increased patrols, reviewed logs, and planned biometric lock upgrade"
"A safety concern was raised on June 5, 2024, when multiple employees reported poor ventilation in the paint mixing room. The lack of adequate airflow was causing discomfort and headaches during extended work shifts. No immediate injuries were reported, but the situation posed long-term health risks. The facilities team inspected the ventilation system and identified blockages in the exhaust ducts. Repairs were scheduled, and temporary air purifiers were installed to improve air quality until permanent fixes were completed.",Ventilation Issues in Paint Mixing Room,safety concern,2024-06-05,paint mixing room,Blocked exhaust ducts reducing ventilation,Poor air quality causing employee discomfort and health risks,Scheduled repairs and installed temporary air purifiers
"An incident occurred on July 20, 2024, when a delivery truck accidentally backed into the company’s front gate, causing damage to the gate structure and delay in vehicle access. The driver misjudged the distance during parking. No injuries were reported, but the gate was rendered partially inoperable until repairs could be made. The incident was logged, and the delivery company was notified to review driver training procedures. Temporary manual gate operation was implemented to maintain access while repairs were underway.",Delivery Truck Damages Front Gate,equipment damage,2024-07-20,company front gate,Driver misjudgment while backing delivery truck,Damaged gate causing access delays,"Notified delivery company, logged incident, and implemented temporary manual gate operation"
"On March 15th, 2024, at approximately 9:30 AM, an employee tripped over an unsecured cable in the main warehouse area, resulting in a sprained ankle. The cable had been left exposed after maintenance work the previous day. Immediate first aid was provided on-site, and the employee was taken to a medical facility for further evaluation. Management has since ordered additional cable covers and scheduled a safety briefing to prevent future trips. The area was marked with warning signs until the cable was properly secured, ensuring the workspace is safe for all personnel.",Employee Injury from Tripping Over Unsecured Cable,injury,2024-03-15T09:30:00,main warehouse area,Employee tripped over an unsecured cable left exposed after maintenance.,Employee sustained a sprained ankle requiring medical attention.,"Provided first aid, secured cables with covers, and held a safety briefing."
"On April 2nd, 2024, the main server in the data center experienced hardware failure due to overheating caused by a faulty cooling system. The incident occurred around 2:45 PM and resulted in temporary loss of network connectivity affecting multiple departments. IT staff quickly identified the issue and shut down the server to prevent further damage. Replacement parts were ordered, and cooling systems were inspected and repaired. Backup servers were activated to restore operations while repairs were underway, minimizing downtime and data loss.",Server Hardware Failure Due to Cooling System Fault,equipment damage,2024-04-02T14:45:00,data center,Overheating caused by a faulty cooling system led to hardware failure.,Temporary loss of network connectivity impacting multiple departments.,"Shut down server, repaired cooling system, and activated backup servers."
"A security breach was detected on February 28th, 2024, when unauthorized access was found in the company’s internal network at approximately 11:00 AM. An external attacker exploited a vulnerability in the firewall, gaining access to confidential data. The IT security team immediately isolated affected systems and started a full investigation. Passwords were reset, and firewall rules were updated to close the vulnerability. A malicious IP was blocked, and staff were reminded to follow cybersecurity protocols. No evidence of data exfiltration was found, but monitoring remains heightened.",Unauthorized Network Access via Firewall Vulnerability,security breach,2024-02-28T11:00:00,company internal network,Firewall vulnerability exploited by an external attacker.,Unauthorized access to confidential data systems.,"Isolated systems, updated firewall, reset passwords, and blocked attacker IP."
"During a routine inspection on May 10th, 2024, at the manufacturing plant, several workers reported feeling dizzy and nauseous near the chemical storage area. Investigation revealed a minor leak of cleaning solvent fumes due to a damaged valve. The area was immediately evacuated and ventilated to disperse harmful vapors. Maintenance teams repaired the valve, and air quality tests were conducted to ensure safety. Workers affected were sent for medical checkups, and additional training on chemical handling and reporting procedures was scheduled to improve workplace safety.",Chemical Fume Leak Causes Health Concerns at Plant,safety concern,2024-05-10,manufacturing plant chemical storage area,Damaged valve caused a leak of cleaning solvent fumes.,Workers experienced dizziness and nausea due to chemical exposure.,"Evacuated area, repaired valve, ventilated space, and conducted medical checkups."
"On an unknown date, a delivery truck accidentally backed into a loading dock door at the distribution center, causing significant damage to the door and delaying shipments. The incident happened during a busy afternoon shift, though the exact time is not recorded. The driver misjudged the distance while reversing, leading to the collision. The damaged door prevented normal loading and unloading operations, creating a backlog of orders. Repairs were scheduled immediately, and additional training on vehicle maneuvering in tight spaces has been implemented to reduce future risks.",Delivery Truck Damages Loading Dock Door,equipment damage,unknown,distribution center loading dock,Driver misjudged distance while reversing the delivery truck.,Damaged loading dock door delayed shipments and operations.,Scheduled repairs and implemented vehicle maneuvering training for drivers.